Name,URL,Logo,Description,Contact,Ads Count
Grandmoto,/avtosalonlar/motosalon-grandmoto,https://turbo.azstatic.com/uploads/f352x352/2023%2F09%2F22%2F16%2F54%2F15%2Faf12edcf-9e52-48f8-8140-0f37f2e67db4%2Flogo.png,"Motosalon ""Grandmoto"" BENDA, QJMotor, TVS və Dayun kimi beynəlxalq motosiklet brendlərinin satışını həyata keçirir.",(050) 578-07-07,18
Otogallery by Pegasus Auto,/avtosalonlar/avtosalon-otogallery-by-pegasus-auto,https://turbo.azstatic.com/uploads/f352x352/2023%2F08%2F23%2F12%2F59%2F17%2Fee7fe6f8-9e9f-4e87-9bac-27d18fae589f%2Flogo.png,"Tək şəxsiyyət vəsiqəsi ilə, 20% ilkin ödəniş etməklə və illik 11,76 %-dən başlayan kredit imkanları ilə avtomobil sahibi ola bilərsiniz. Sərfəli kredit şərtləri və yüksək xidmət bizdə.",(077) 223-63-63,18
RR 333 Cars,/avtosalonlar/avtosalon-rr-333-cars,https://turbo.azstatic.com/uploads/f352x352/2021%2F10%2F15%2F11%2F42%2F27%2F99938b17-e72c-4a65-a13b-3801231e03a3%2Frr333.png,"Avtosalon ""RR 333 Cars"" Sumqayıt şəhərində yerləşir və avtomobillərin alışı, satışı, barteri və sifarişi xidmətləri göstərir.","(055) 628-27-56, (050) 371-91-91",23
"Avtosalon ""555""",/avtosalonlar/avtosalon-555,https://turbo.azstatic.com/uploads/f352x352/2018%2F04%2F13%2F11%2F05%2F42%2F6f5caae3-b75b-418f-a1fa-21c163be8851%2F555.jpg,"Müştəri bizdən razı qalmasa, işimizə davam etməyin mənasını görmürük...","(050) 555-47-07, (050) 200-21-44, (070) 200-21-44, (012) 424-76-04",22
001 Star Cars,/avtosalonlar/star-cars,https://turbo.azstatic.com/uploads/f352x352/2023%2F09%2F04%2F11%2F21%2F24%2F29fa36bc-ab0e-4677-bcaa-34e5d6c3eb7a%2Fstarcars.png,"""001 Star Cars"" avtosalonu hər bir müştərisinə göstərdiyi ulduzlara layiq xidmət səviyyəsi ilə fərqlənir.","(050) 241-04-55, (070) 241-04-55, (055) 241-04-55",52
R-M Motors,/avtosalonlar/avtosalon-r-m-motors,https://turbo.azstatic.com/uploads/f352x352/2024%2F01%2F20%2F13%2F30%2F50%2F5831763f-0ac3-4b51-b7c9-7f2cf75a46d5%2FRM.jpg,"""R-M Motors"" avtosalonu avtomobillərin alqı-satqısını və barterini sərfəli şərtlərlə həyata keçirir.",(055) 200-00-11,26
JAC Motors Baku,/avtosalonlar/avtosalon-jac-motors-baku,https://turbo.azstatic.com/uploads/f352x352/2024%2F09%2F16%2F15%2F38%2F46%2Fcbecbe03-826d-429c-8070-a6696a146b7e%2F26954_DWgEQQqRrb1W5yDQKFgsVA.jpg,"""JAC"" brendinə məxsus avtomobilləri istər nəğd, istərsə də sərfəli lizinq şərtləri ilə əldə edə bilərsiniz.",(055) 208-76-89,6
Mustang Auto,/avtosalonlar/avtosalon-mustang-auto,https://turbo.azstatic.com/uploads/f352x352/2024%2F03%2F18%2F17%2F00%2F41%2F61d6f7b8-d50d-46b0-8c47-19165bf4ee0a%2Fmustang%20logo.jpg,Avtomobillərin alqı-satqısı və barteri.,"(050) 764-00-30, (077) 765-00-30",26
114 Cars Badamdar,/avtosalonlar/avtosalon-114-cars-badamdar,https://turbo.azstatic.com/uploads/f352x352/2019%2F07%2F05%2F12%2F02%2F26%2F4e91e734-54fd-4cd0-856c-faa0ce0cadb7%2Fimgonline-com-ua-Resize-tQfGO4BN0qZVbXX.jpg,"Avtosalon ""114 Cars Badamdar"" – istənilən avtomobili rahat daxili kredit şərtləri ilə təqdim edirik.","(055) 277-16-14, (055) 277-11-14",29
N&N 064,/avtosalonlar/avtosalon-nn-064,https://turbo.azstatic.com/uploads/f352x352/2024%2F08%2F15%2F16%2F05%2F19%2F4db48376-3646-4623-b53c-bc5c5d694046%2Fnn%20064%20500x500.png,"Avtosalon ""N&N 064"" - dəyərli alıcı və qonaqlarımız üçün avtosalonumuzun qapıları daima açıqdır.","(050) 465-64-64, (070) 405-64-64, (055) 655-11-55",26
Hyper Garage,/avtosalonlar/avtosalon-hyper-garage,https://turbo.azstatic.com/uploads/f352x352/2025%2F06%2F11%2F15%2F03%2F15%2F64ac7056-31fa-42da-a709-fd900734bd7a%2F4513_SdFmiiX51JZHxZnCDO0xMg.jpg,"Şirkətimiz dünyanın bir neçə ölkəsində fəaliyyət göstərir. Artıq bir ildən çoxdur ki, Azərbaycan bazarında da fəaliyyət göstəririk və burada həm topdan, həm də pərakəndə satışla məşğuluq.","(055) 239-15-99, (051) 868-09-57, (070) 814-57-53, (010) 723-23-01",16
ZZ 007 Cars,/avtosalonlar/avtosalon-zz-007-cars,https://turbo.azstatic.com/uploads/f352x352/2024%2F01%2F12%2F13%2F44%2F09%2F4bc3af43-e709-4f70-92ba-24501d155bf1%2Fz.jpg,"Yeni və sürülmüş avtomobillər sərfəli qiymətlərlə. Həm yeni, həm də sürülmüş avtomobillərə böyük endirimlər, həmçinin əla kredit şərtləri.","(077) 301-00-07, (055) 362-00-07",33
Badamdar Avtomobil Mərkəzi,/avtosalonlar/avtosalon-badamdar-avtomobil-merkezi,https://turbo.azstatic.com/uploads/f352x352/2024%2F01%2F12%2F12%2F43%2F29%2F8edf66c1-71da-4624-b0c2-9065876b3cb6%2F%D0%94%D0%B8%D0%B7%D0%B0%D0%B8%CC%86%D0%BD%20%D0%B1%D0%B5%D0%B7%20%D0%BD%D0%B0%D0%B7%D0%B2%D0%B0%D0%BD%D0%B8%D1%8F.jpg,"""Kia"", ""Toyota"", ""BYD"" və ""Changan"" avtomobillərinin satışını həyata keçiririk. Avtomobilləri kredit, lizinq və ya köçürmə yolu ilə əldə edə bilərsiniz.","(055) 245-43-42, (050) 345-43-42, (099) 228-33-88",15
Forsaj M.M,/avtosalonlar/avtosalon-forsaj-mm,https://turbo.azstatic.com/uploads/f352x352/2023%2F07%2F10%2F12%2F42%2F29%2F6abafb97-48be-4cf3-9689-566920a3775b%2Flogogogo%20%281%29.png,"Avtosalon ""Forsaj M.M"" - bütün növ avtomobillərin alışı, satışı və barteri.","(051) 390-90-70, (099) 360-90-70, (077) 320-90-70",4
N1 Cars,/avtosalonlar/avtosalon-n1-cars,https://turbo.azstatic.com/uploads/f352x352/2021%2F10%2F07%2F12%2F55%2F25%2Fb504dfa7-da21-4df5-bb5b-039fe344b625%2Fno1cars.png,"""N1 Cars"" avtosalonu optimal kredit, lizinq, barter və sifariş xidmətləri göstərir.","(070) 347-07-07, (050) 788-71-51, (055) 686-91-78, (012) 374-86-79",22
VV Cars,/avtosalonlar/avtosalon-vv-cars,https://turbo.azstatic.com/uploads/f352x352/2022%2F03%2F04%2F11%2F27%2F50%2F94b43ea9-0b74-43b7-867d-9edc11e6b036%2Flogo.png,"""VV Cars"" avtosalonu – istənilən avtomobil markası üzrə nağd, kredit, lizinq və barter yolu ilə alqı-satqı xidmətlərini göstərir.","(050) 355-63-63, (070) 355-63-63, (077) 355-63-63",28
Pro Cars,/avtosalonlar/avtosalon-pro-cars,https://turbo.azstatic.com/uploads/f352x352/2020%2F08%2F10%2F14%2F32%2F43%2Fe6c7039e-d85e-4a3d-bd18-096084b3e889%2FLOGO.jpeg,"""Pro Cars"" avtosalonu sizlərə seçilmiş və tam yoxlamadan keçmiş avtomobilləri təqdim edir.","(055) 241-03-00, (055) 352-00-33",43
Aİ Cars,/avtosalonlar/avtosalon-ai-cars,https://turbo.azstatic.com/uploads/f352x352/2025%2F05%2F29%2F09%2F47%2F48%2F959581f9-c0f6-47c8-86be-0e90868df85a%2F4513_SdFmiiX51JZHxZnCDO0xMg.jpg,Çindən innovativ və ağıllı avtomobillərin idxalı və peşəkar satışı.,"(055) 850-96-66, (051) 882-11-29, (051) 882-11-26, (051) 882-11-78, (051) 882-11-25",7
Auto House,/avtosalonlar/avtosalon-auto-house,https://turbo.azstatic.com/uploads/f352x352/2022%2F11%2F23%2F13%2F03%2F15%2Fd347543e-9ee1-4522-bb0f-e6b5b4d85543%2Flogogo.png,"Lüks avtomobillərin satış mərkəzi. Barter, alış və təkrar satış mümkündür.","(012) 562-51-15, (050) 406-80-08, (050) 627-23-76",22
Salam Avto,/avtosalonlar/avtosalon-salam-avto,https://turbo.azstatic.com/uploads/f352x352/2023%2F07%2F04%2F09%2F51%2F34%2F46ca10a0-8084-4bbb-80ac-fc3784667672%2Flogog.png,"Avtomobil sektorunda 14 ildən artıq satış təcrübəsinə malik, peşəkar heyətimiz və sərfəli qiymətlərimizlə xidmətinizdəyik. Artıq ""Salam Avto"" adı ilə yeni ünvanda xidmətinizdəyik.","(050) 711-11-41, (051) 329-11-15, (050) 210-80-94",151
RL Avto,/avtosalonlar/avtosalon-rl-avto,https://turbo.azstatic.com/uploads/f352x352/2025%2F03%2F21%2F10%2F39%2F23%2F64a4b3eb-244f-4fad-9d15-e8285d830b36%2F70473_QrTN9IRaiEdJVbJnUL_W4A.jpg,"Yeni Çin avtomobillərinin nağd, köçürmə, aşağı faizli kredit və lizinq yolu ilə satışı.","(051) 286-66-66, (055) 327-65-47",14
Okean,/avtosalonlar/avtosalon-okean,https://turbo.azstatic.com/uploads/f352x352/2025%2F05%2F06%2F11%2F24%2F48%2F0a7c6d74-3807-4139-92d2-c6d81c0e74ce%2F90941_pEdzVXN_qIkjJHk8mVJfRA.jpg,"""Okean Avto 2011"" MMC (VÖEN: 1401936751) - 30% ilkin ödəniş etməklə, 36 ayadək MANAT ilə sərfəli daxili kredit! 2 saat ərzində rəsmiləşdirmə ilə avtomobil alıcıya təhvil verilir.",(050) 770-33-44,15
RH,/avtosalonlar/avtosalon-rh,https://turbo.azstatic.com/uploads/f352x352/2022%2F10%2F24%2F15%2F58%2F10%2Fa7739fe0-58cd-4171-be2e-643538e5f914%2Flogogo.png,Avtomobillərin nağd və kreditlə alqı-satqısı və barteri. Avropadan istənilən avtomobillərin ən cəlbedici qiymətlərlə çatdırılması.,"(055) 378-91-91, (050) 378-91-91, (070) 378-91-91",24
Auto City,/avtosalonlar/avtosalon-autocity,https://turbo.azstatic.com/uploads/f352x352/2017%2F09%2F29%2F17%2F44%2F00%2F604%2FIMG_2851.JPG,"Sərfəli şərtlərlə avtomobil alqı-satqısı, barteri və krediti.",(055) 898-99-99,9
IST Cars Sumqayıt,/avtosalonlar/avtosalon-1istsumqayit,https://turbo.azstatic.com/uploads/f352x352/2022%2F08%2F08%2F15%2F45%2F22%2Ffad076d7-ce60-499a-b3ce-f7ff564a21e0%2Fistlogo.png,"""IST Cars Sumqayıt"" avtosalonu сavan və dinamik sahibkarlar tərəfindən idarə olunur. İşimizdə düzgünlük, halallıq və açıq rəqabət tərəfdarıyıq.","(050) 600-50-44, (055) 600-50-44",55
StarMoto,/avtosalonlar/motosalon-starmoto,https://turbo.azstatic.com/uploads/f352x352/2025%2F06%2F20%2F17%2F07%2F52%2F526f18ab-df71-42b4-b151-b62d9692f344%2F92313_wLbwyJGJi75X1LikQGRJwg.jpg,⁠StarMoto - Məqsədimiz məmnunluğunuzdur,(055) 833-33-99,5
Eco Auto,/avtosalonlar/avtosalon-eco-auto,https://turbo.azstatic.com/uploads/f352x352/2024%2F06%2F20%2F15%2F30%2F46%2Ffc79b5aa-4a10-46c8-8ee1-f6d04c49ac19%2Fecoautologo.jpg,"Avtomobillər həm salonumuzda zəmanətli şəkildə təqdim olunur, həm də satış təmsilçilərimizin məsləhəti ilə zövqünüzə və tələbinizə uyğun olaraq sifarişlə gətirilir.","(070) 288-88-88, (070) 288-88-70",11
030 Avto,/avtosalonlar/avtosalon-030-avto,https://turbo.azstatic.com/uploads/f352x352/2024%2F06%2F21%2F14%2F16%2F14%2F843312da-6a55-49d4-8e0c-9d2a8f04b8fb%2F030cars.jpg,"Avtosalon ""030 Avto"" 2005-ci ildən fəaliyyət göstərir və daima müştəri məmnuniyyəti üçün çalışır.","(070) 641-66-00, (055) 320-00-02",41
Abşeron Cars,/avtosalonlar/avtosalon-absheron-cars,https://turbo.azstatic.com/uploads/f352x352/2023%2F03%2F07%2F14%2F43%2F16%2F8399227b-c6c8-4934-9c95-40a85206c2a2%2Fabseronnlogo.png,"""Abşeron Cars"" avtosalonu avtomobillərin nağd və sərfəli kredit şərtləri ilə alqı-satqısı üzrə xidmətlər təqdim edir.","(050) 783-39-50, (055) 783-39-50, (070) 783-39-50",64
Adventure Motors,/avtosalonlar/adventure-motors,https://turbo.azstatic.com/uploads/f352x352/2025%2F01%2F21%2F14%2F09%2F15%2F5041a5de-9835-4f09-8e31-09f76336af41%2F15247_eRuz4Do5pS0g3SY6jF6RZg.jpg,"Adventure Motors BRP-nin rəsmi distribütorudur, kvadrosikl, baqi və hidrosikllərin satışında ixtisaslaşır. Müştərilərə açıq hava sərgüzəştləri üçün keyfiyyətli məhsullar, ekspert məsləhəti və BRP-nin ən yeni modellərini təqdim edirik.",(050) 430-07-07,13
MyCars,/avtosalonlar/avtosalon-mycars,https://turbo.azstatic.com/uploads/f352x352/2023%2F11%2F20%2F11%2F15%2F38%2F825575a5-a6a1-41a0-a7e0-03253367d7e5%2Flogo.png,Stil və əlçatanlığın mükəmməl birləşməsi! Qiymətlərimiz sizi xoş təəccübləndirəcək. Əlverişli qiymətlərlə keyfiyyətli avtomobillər dünyasına qərq olun.,(010) 456-11-11,25
KAI Motors,/avtosalonlar/avtosalon-kai-motors,https://turbo.azstatic.com/uploads/f352x352/2025%2F04%2F07%2F09%2F30%2F01%2F4d20ec20-1fb5-43e3-b7be-5e6c8b5866f2%2F97099_EJ72UhgXp-49okZGEgL6Ig.jpg,"Biz sizə qabaqcıl texnologiya, əla qənaət və sərfəli qiymətləri özündə birləşdirən ən müasir və dəbli Çin avtomobillərini təklif edirik. Salonumuzda hər kəs arzuladığı avtomobili tapacaq biz isə peşəkar məsləhət və çevik alış şərtlərini təqdim edəcəyik! Salonumuza gəlməklə siz Çin avtomobil sənayesinin keyfiyyətini hiss edəcəksiniz!","(010) 110-10-98, (010) 525-52-12, (055) 225-47-39, (055) 391-70-77, (055) 687-70-77",11
Stock Cars,/avtosalonlar/avtosalon-stock-cars,https://turbo.azstatic.com/uploads/f352x352/2023%2F11%2F16%2F12%2F50%2F09%2Ff292b39e-0683-4eb0-a447-08b63ccf3396%2Flogo.png,"Avtosalon ""Stock Cars"" qənaətçil avtomobillərin ən əlverişli qiymətlərlə satışını həyata keçirir. 48 ayadək kredit mümkündür.","(050) 520-49-49, (099) 520-49-49",37
039 Cars Sumqayıt,/avtosalonlar/avtosalon-039,https://turbo.azstatic.com/uploads/f352x352/2021%2F05%2F21%2F11%2F01%2F14%2F91f58d81-13e3-4d55-8a02-f1fa701f78eb%2FPhoto_1621580442841.jpg,"""039 Cars Sumqayıt"" avtosalonunda təqdim olunan bütün avtomobillərin sazlığına zəmanət veririk!","(050) 399-00-39, (055) 388-10-39, (070) 388-10-39",64
F Avto,/avtosalonlar/avtosalon-f-avto,https://turbo.azstatic.com/uploads/f352x352/2024%2F04%2F24%2F12%2F06%2F08%2F49cc3a9a-0955-4a19-818b-b300c3bb0109%2FF-AVTO.jpg,"""F Avto"" avtosalonu avtomobillərin alışı və satışı, barter və kredit yolu ilə alqı-satqı xidmətləri göstərir.","(050) 536-56-59, (070) 536-56-59",13
SamAuto - Powered by Isuzu,/avtosalonlar/avtosalon-samauto-powered-by-isuzu,https://turbo.azstatic.com/uploads/f352x352/2021%2F06%2F09%2F12%2F45%2F03%2Faac0b55d-4f99-4f50-8d20-acd38333a419%2FLogo%20I%CC%87suzu.png,"""Azermash Park"" MMC SamAuto kommersiya nəqliyyat vasitələrinin satışını həyata keçirir. 2 il və ya 100.000 km zəmanət.",(055) 204-82-46,2
Carvill,/avtosalonlar/avtosalon-carvill,https://turbo.azstatic.com/uploads/f352x352/2022%2F03%2F03%2F14%2F05%2F27%2Fa7ee4733-8255-4c0d-a686-632fb8297ece%2Fcarvill.png,"20 ildir fəaliyyətdə olan avtosalonumuz avtomobillərin nağd, köçürmə yolu və kredit şərtləri ilə satışını təşkil edir.",(050) 329-01-06,14
Cars TT 039,/avtosalonlar/avtosalon-cars-tt-039,https://turbo.azstatic.com/uploads/f352x352/2022%2F05%2F16%2F12%2F23%2F02%2Fe1a29a9c-cfb9-4c64-bb28-334332a8c6f0%2Flogo.png,"Dəyərli müştərilər, yeni açılmış avtosalonumuzda sizləri görməyə şad olarıq. İstəyinizə və büdcənizə tam uyğun olan avtomobili seçməkdə köməklik göstəririk.","(070) 280-00-39, (055) 626-00-39",18
EM Cars,/avtosalonlar/avtosalon-em-cars,https://turbo.azstatic.com/uploads/f352x352/2024%2F05%2F31%2F14%2F44%2F05%2F080bf8a4-d59b-4f2b-bc69-e0b166b5d122%2Fblack.jpg,Avtomobillərin alqı-satqısı və barteri.,(050) 478-17-07,10
111 Cars,/avtosalonlar/111-cars,https://turbo.azstatic.com/uploads/f352x352/2025%2F07%2F03%2F17%2F01%2F03%2Fb678cffb-d903-41c3-a9d3-1044f8d2f8d0%2F92313_wLbwyJGJi75X1LikQGRJwg.jpg,"Elektrikli və hibrid avtomobillərini bizimlə kəşf edin! 111 Carsda Çin istehsalı avtomobillərin satışı mövcuddur. Ekoloji təmiz, qənaətli və ekonomik modellər sizi gözləyir. Ən yeni texnologiyaları birlikdə sınaqdan keçirək.","(050) 434-96-23, (050) 390-80-15, (055) 235-04-73",1
Avtolüks 2-ci əl,/avtosalonlar/avtosalon-avtoluks-ikinci-el,https://turbo.azstatic.com/uploads/f352x352/2023%2F07%2F10%2F12%2F37%2F26%2F4fc95ee0-2aba-4c0a-b234-2a81c30e55d9%2Fautolux.png,"Üstünlüklərimiz avtomobil sektorunda illərin təcrübəsinə malik peşəkar heyətimiz, rəqabətədavamlı qiymət siyasətimiz və sərfəli kredit və barter təkliflərimizdir.",(055) 225-75-73,4
Auto Mall,/avtosalonlar/avtosalon-automall,https://turbo.azstatic.com/uploads/f352x352/2019%2F05%2F27%2F14%2F24%2F04%2Fb9ae1c3f-f455-45aa-9fc2-1a03874bda7a%2Flogo.png,"Avtosalon səhifəmizdə sizi salamlayırıq! Biz işimizi şəffaflıq və etibar əsasında qururuq ki, yeni avtomobilin alışı sizlərə yalnız xoş təəsüratlar bəxş etsin.","(050) 303-03-02, (055) 303-03-02",23
AS,/avtosalonlar/avtosalon-as,https://turbo.azstatic.com/uploads/f352x352/2017%2F11%2F02%2F15%2F41%2F56%2F122%2Flogo.jpg,"1994-cü ildən Azərbaycanda ilk avtosalon olaraq fəaliyyət göstəririk. Bu günə kimi iş prinsipimiz düzgünlük, yüksək keyfiyyət və müştəri məmnuniyyəti olub.","(050) 213-62-22, (055) 213-62-22",13
Diamond Cars,/avtosalonlar/avtosalon-diamond-cars,https://turbo.azstatic.com/uploads/f352x352/2021%2F02%2F09%2F10%2F46%2F37%2F16841e48-e8b4-4bfb-ba97-26281740b73e%2Flogo.png,"Avtosalon ""Diamond Cars"" – Yeni və ikinci əl avtomobillərin sərfəli şərtlərlə alışı, satışı və barteri.",(077) 386-66-85,10
Elite Cars,/avtosalonlar/avtosalon-elite-cars,https://turbo.azstatic.com/uploads/f352x352/2024%2F06%2F10%2F14%2F15%2F01%2F26bf0f85-2460-4edd-b110-c54f23895de3%2Felitecorelogo.jpg,Yeni və işlənmiş avtomobillərin alqı-satqısı və barteri.,"(055) 898-58-88, (055) 303-66-66, (055) 524-94-44",32
Qoca Cars,/avtosalonlar/avtosalon-qoca-cars,https://turbo.azstatic.com/uploads/f352x352/2024%2F06%2F12%2F11%2F07%2F44%2F38eb7934-bdd3-4df7-8d01-0d35c825efb9%2FBrend%20Avto%20%282%29.jpg,Avtomobillərin alqı-satqısı və barteri.,"(077) 393-68-68, (055) 393-68-68, (010) 393-68-68",189
Full 111 Cars Sumqayıt,/avtosalonlar/avtosalon-full-111-cars,https://turbo.azstatic.com/uploads/f352x352/2021%2F04%2F28%2F15%2F25%2F41%2F36088719-7d5a-4d41-bbcb-7345909877f5%2Flogo.png,"""Full 111 Cars Sumqayıt"" - avtosalonda müştərilərin rahatlığı üçün hər cür şərait yaradılmışdır. Sərfəli şərtlərlə avtomobillərin satışı, alışı, barteri və digər xidmətlər təqdim olunur.","(050) 835-00-95, (099) 835-00-95, (070) 835-00-95, (055) 835-00-95",48
Prestige Auto,/avtosalonlar/avtosalon-prestige-auto,https://turbo.azstatic.com/uploads/f352x352/2023%2F06%2F05%2F15%2F13%2F39%2Ffa6d535d-f3b5-468b-89f9-f493c86ce1ee%2Flogo.png,"""Prestige Auto"" avtosalonu avtomobillərin yüksək qiymətlə alışını, eləcə də sərfəli şərtlərlə satışını və barterini həyata keçirir.","(050) 210-44-73, (050) 893-66-66, (051) 514-14-14",93
"Avtosalon ""999""",/avtosalonlar/avtosalon-999,https://turbo.azstatic.com/uploads/f352x352/2019%2F05%2F30%2F10%2F09%2F41%2Fd6849efd-b3d7-46ef-ad71-3ed03403e8dc%2Flogo99.png,Əldə etdiyimiz ən yüksək qazanc müştərilərimizin inam və məmnuniyyətidir.,"(050) 630-55-55, (099) 630-55-55, (070) 630-55-55, (077) 630-55-55",58
Cars 041,/avtosalonlar/avtosalon-cars-041,https://turbo.azstatic.com/uploads/f352x352/2022%2F12%2F08%2F15%2F05%2F59%2F56acba48-0375-40e0-ac28-128e98b2e51f%2FModern%20Auto%20Detailing%20Car%20Logo.png,"Yeni istifadəyə verilmiş ""Cars 041"" avtosalonu dəyərli müştərilərini gözləyir. Avtosalonda təqdim olunan bütün avtomobillərin sazlığına zəmanət verilir!","(070) 654-41-41, (099) 351-91-41",23
China Good Friend,/avtosalonlar/china-good-friend,https://turbo.azstatic.com/uploads/f352x352/2025%2F08%2F13%2F17%2F06%2F57%2Ff5146e60-d7a6-4896-a64a-707644679e3e%2F66008_-f1hpkebL9FYqnHCOa3oWQ.jpg,China Good Friend avtosalonu yeni Çin istehsalı avtomobillərinin satışını həyata keçirir. Çindən olan tərəfdaşlarla əməkdaşlıq edərək sifarişlə 20-25 gün ərzində istənilən avtomobili idxal edirik.,(099) 655-57-77,7
888 Cars,/avtosalonlar/avtosalon-888-cars,https://turbo.azstatic.com/uploads/f352x352/2025%2F10%2F21%2F17%2F12%2F06%2F455795bb-9f73-4524-8d43-adfbb2f6e118%2F37302_ksBAd98Yipnr_0BzNr1yHg.jpg,"Avtosalon ""888 Cars"" sizlərə zəmanətli və sərfəli kredit şərtləri ilə tam yoxlamadan keçmiş avtomobilləri təqdim edir.","(070) 945-68-88, (055) 645-68-88",48
Zero Motors,/avtosalonlar/avtosalon-zero-motors,https://turbo.azstatic.com/uploads/f352x352/2024%2F11%2F23%2F10%2F09%2F57%2F9c59be9e-7d09-4936-9f82-e5342bd5feef%2F15247_eRuz4Do5pS0g3SY6jF6RZg.jpg,"""Zero Motors""da təqdim olunan bütün avtomobilləri kredit, lizinq və ya köçürmə yolu ilə rəsmiləşdirmək mümkündür.","(077) 228-33-88, (055) 235-74-04, (010) 303-01-77, (010) 235-74-04",20
045 Avto Mingəçevir,/avtosalonlar/avtosalon-045-avto-mingecevir,https://turbo.azstatic.com/uploads/f352x352/2025%2F01%2F22%2F17%2F08%2F42%2F9407b402-29d4-4f31-bdd9-8fe28836a485%2F3752_4NpV7XsFM7A9UVCf68RBhw.jpg,Sizi Mingəçevir şəhərində yeni açılmış avtosalonumuza dəvət edirik! Burada keyfiyyətli avtomobilləri əlverişli qiymətlərlə tapa bilərsiniz. Alışınızı daha rahat etmək üçün biz sərfəli kredit şərtləri təklif edirik.,(055) 638-44-43,10
"Avtosalon ""222""",/avtosalonlar/avtosalon-222-sumqayit,https://turbo.azstatic.com/uploads/f352x352/2021%2F12%2F30%2F09%2F11%2F05%2F6693ae5d-2a40-4892-bf44-00abef5e01c5%2F%D0%94%D0%BE%D0%B1%D0%B0%D0%B2%D0%B8%D1%82%D1%8C%20%D0%B7%D0%B0%D0%B3%D0%BE%D0%BB%D0%BE%D0%B2%D0%BE%D0%BA.png,"Avtosalon ""222"" - sadə kommunikasiya, sadə satış şərtləri, sadə alış şərtləri, sadə əməkdaşlıq prinsipləri.","(055) 439-02-22, (050) 624-83-22, (077) 391-82-22",13
Baku Cars,/avtosalonlar/avtosalon-bakucars,https://turbo.azstatic.com/uploads/f352x352/2024%2F05%2F07%2F15%2F16%2F40%2F71973319-60e1-45bb-86c7-bd7c8e6db529%2Fbakucarslogo.jpg,"Alıcımız bizdən razı qalırsa, deməli deyiləsi sözümüz var. Bizi müştərimizdən soruşun!","(055) 686-91-90, (012) 437-63-33",40
"Avtosalon ""005""",/avtosalonlar/avtosalon-005,https://turbo.azstatic.com/uploads/f352x352/2024%2F02%2F14%2F17%2F13%2F46%2F2a135e98-609f-45c8-baa0-df7295e415bc%2FBlack%20and%20Blue%20Modern%20Rental%20Car%20Logo.jpg,Avtomobillərin alqı-satqısı və barteri.,(070) 766-05-05,12
Abu Dabi Cars №1,/avtosalonlar/avtosalon-abu-dabi-cars-n1,https://turbo.azstatic.com/uploads/f352x352/2023%2F01%2F30%2F15%2F25%2F52%2Fca963448-c080-48c6-9a2a-12d05bcfe317%2FWhatsApp%20Image%202023-01-30%20at%2015.24.44.jpeg,"""Abu Dabi Cars N1"" uzun illərdir eyni ünvanda – Babək pr. 61с-də sizə xidmət göstərir. Məqsədimiz müştərilərimizin bizə olan etimadını qoruyub saxlamaq, hər zövqə uyğun interyerlərə malik avtomobilləri təqdim etmək və yüksək xidmət göstərməkdir.","(055) 650-66-66, (050) 874-92-92",160
Turbo Cars,/avtosalonlar/avtosalon-turbo-cars,https://turbo.azstatic.com/uploads/f352x352/2025%2F01%2F31%2F15%2F06%2F29%2F0b4779c2-fb39-4899-ac69-cc2487bef9cb%2F15247_eRuz4Do5pS0g3SY6jF6RZg.jpg,"İstənilən növ 2-ci əl avtomobillərin alışı, satışı və barteri sərfəli kredit və lizinq şərtləri ilə həyata keçirilir.","(050) 307-24-24, (055) 307-24-24",16
CarPro,/avtosalonlar/avtosalon-car-pro,https://turbo.azstatic.com/uploads/f352x352/2022%2F12%2F08%2F17%2F47%2F33%2Fb6473f81-5d9a-4deb-8938-2b7a924f61e1%2Fphoto_2022-12-08%2017.47.25.jpeg,"İlkin ödəniş 20% olmaqla 36 aylıq daxili kredit imkanı, mühərrikə və sürətlər qutusuna 15000 km və ya 6 ay zəmanət, həmçinin 200-dən çox avtomobil seçimi.","(050) 500-09-89, (051) 290-10-44",17
Auto AY,/avtosalonlar/avtosalon-auto-ay,https://turbo.azstatic.com/uploads/f352x352/2018%2F10%2F22%2F12%2F29%2F37%2Fcac1bc11-9b36-451f-aa81-1c79e30b03e5%2Faylogo.jpg,"""Auto AY"" avtomobil salonunun fəlsəfəsində yalnız keyfiyyət və etibarlılıq öz əksini tapır.",(050) 357-00-27,17
Full Cars,/avtosalonlar/avtosalon-full-cars,https://turbo.azstatic.com/uploads/f352x352/2021%2F03%2F02%2F10%2F17%2F37%2F01cd05e5-3d51-4485-ba2e-044289d60f6e%2Flogogo.png,"Avtosalonumuzun əsas məqsədi yüksək keyfiyyətli xidmət göstərmək, etibarlı avtomobillər təqdim etmək və müştəri məmnuniyyəti qazanmaqdır.","(050) 670-08-00, (070) 670-08-00, (070) 296-77-66",13
011 Cars,/avtosalonlar/avtosalon-011-cars,https://turbo.azstatic.com/uploads/f352x352/2025%2F02%2F28%2F17%2F04%2F06%2Fdd4e92cd-4e08-4b72-bed7-a8c51948bdc4%2F83603_NnVipO7k_8o2mR0vhpmgbA.jpg,Avtomobillərin alqı-satqısı və barteri.,"(055) 770-16-11, (050) 582-51-11",12
Eurocar,/avtosalonlar/avtosalon-eurocar,https://turbo.azstatic.com/uploads/f352x352/2020%2F02%2F25%2F12%2F29%2F38%2Fb3c83829-1248-449e-a000-e540d9b66ae8%2FLOGO.png,"Avtosalon ""Eurocar"" - yeni və ikinci əl avtomobillər üçün sərfəli kredit, lizinq və barter şərtləri təklif edir.","(050) 433-11-66, (070) 433-11-66, (099) 433-11-66",50
Cənub Avto,/avtosalonlar/avtosalon-canub-avto,https://turbo.azstatic.com/uploads/f352x352/2022%2F08%2F23%2F15%2F19%2F15%2F6ce16eeb-1d1a-4546-b72f-9c1aaf6efbdc%2F%D0%94%D0%B8%D0%B7%D0%B0%D0%B8%CC%86%D0%BD%20%D0%B1%D0%B5%D0%B7%20%D0%BD%D0%B0%D0%B7%D0%B2%D0%B0%D0%BD%D0%B8%D1%8F.png,Biz avtomobilləri sizin cibinizə və istəyinizə uyğun tapırıq. Adımız işimizin keyfiyyətinə zəmanətdir!,"(050) 555-55-42, (050) 401-06-01, (050) 707-00-24",82
TT Cars,/avtosalonlar/avtosalon-tt-cars,https://turbo.azstatic.com/uploads/f352x352/2023%2F07%2F03%2F13%2F01%2F53%2F93e94c61-a7c3-41d0-ac52-570462d9ac7d%2FtT-Cars.png,Premium klass yeni avtomobillərin nağd və lizinq şərtləri ilə satışını təşkil edirik.,"(050) 211-81-69, (070) 305-85-85",27
Autosell,/avtosalonlar/avtosalon-autosell,https://turbo.azstatic.com/uploads/f352x352/2019%2F06%2F27%2F15%2F59%2F43%2F9f25a433-9c1c-4bca-9c82-8ba976711553%2Flogooo.png,"""Autosell"" - Sizə hər növ avtomobillərin alqısı, satqısı, barteri, sərfəli kredit və lizinq şərtlərini təklif edir.",(055) 821-44-44,8
GT Cars,/avtosalonlar/gt-cars,https://turbo.azstatic.com/uploads/f352x352/2025%2F09%2F06%2F12%2F34%2F27%2F9da12040-483a-460f-8297-4af3ae456185%2F4513_SdFmiiX51JZHxZnCDO0xMg.jpg,"""GT CARS"" MMC (VÖEN: 1407313011) - Çin avtomobillərinin etibarlı ünvanı, keyfiyyətli yol yoldaşınız","(055) 631-07-07, (070) 901-09-07, (055) 604-96-64, (050) 390-80-00, (055) 688-67-63",7
100 Cars,/avtosalonlar/avtosalon-100cars,https://turbo.azstatic.com/uploads/f352x352/2018%2F01%2F19%2F15%2F09%2F42%2F1d8b1181-df97-4ebd-a1a9-02221ceca284%2Fphoto_2018-01-19_12-42-18.jpg,"Avtosalon ""100 Cars"" 2003-cü ildən avtomobil bazarının liderlərindən biridir. Məqsədimiz müştərilərə keyfiyyətli və sərfəli şərtlərlə avtomobil təklif etməkdir.","(055) 215-26-26, (070) 215-26-26, (099) 215-26-26, (010) 215-26-26",71
Mega Cars,/avtosalonlar/avtosalon-mega-cars,https://turbo.azstatic.com/uploads/f352x352/2023%2F01%2F31%2F16%2F41%2F07%2F64e2f8ad-4210-44e0-8bc7-15eab93e162f%2Fmegalogo.jpg,Cəlbedici şərtlərlə avtomobillərin alqı-satqısı və barteri.,"(050) 711-50-50, (099) 711-50-50",37
ONEAuto,/avtosalonlar/avtosalon-one-auto,https://turbo.azstatic.com/uploads/f352x352/2023%2F11%2F03%2F15%2F17%2F27%2F66fd3e99-0dfb-4c6e-aa7a-cb7d7795ab96%2Fone_auto_logo.png,"""ONEAuto"" qalereyası ən qabaqcıl, innovativ və müasir lyuks avtomobillərin ən sərfəli qiymətlərlə satışını həyata keçirir.","(050) 200-08-57, (050) 300-08-57, (050) 400-08-57, (050) 500-08-57",14
Zonsen,/avtosalonlar/motosalon-zonsen,https://turbo.azstatic.com/uploads/f352x352/2025%2F06%2F10%2F14%2F33%2F01%2F27f99792-4cab-405f-9c6f-fc5aa064bc97%2F66008_-f1hpkebL9FYqnHCOa3oWQ.jpg,"Zongshen artıq ZONSEN adlanır! Eyni keyfiyyət, yeni ad! Bu, sadəcə ad dəyişimi deyil — bu, yeni bir dövrün başlanğıcıdır. Sürət, güc və etibar indi ZONSEN adı altında!",(010) 250-55-66,7
035 Cars,/avtosalonlar/avtosalon-035-cars,https://turbo.azstatic.com/uploads/f352x352/2024%2F04%2F17%2F15%2F24%2F48%2F3c6509fa-d23e-4f6f-a373-01b232ac466e%2F035.png,Uzun illərin təcrübəsinə əsaslanaraq sizə yalnız ən yüksək keyfiyyətli avtomobillər təklif edirik.,"(055) 633-31-88, (055) 461-77-77, (070) 581-70-00",15
Dream Motors,/avtosalonlar/avtosalon-dream-motors,https://turbo.azstatic.com/uploads/f352x352/2024%2F06%2F04%2F11%2F54%2F46%2Fd0e3b309-671b-482b-ad18-cb9dc091639a%2F124.jpg,"""Dream Motors"" MMC (VÖEN: 1703774021) - Arzuladığınız avtomobili bizdən əldə edin.","(051) 658-88-84, (051) 837-65-58",3
Premium,/avtosalonlar/avtosalon-premium,https://turbo.azstatic.com/uploads/f352x352/2021%2F05%2F05%2F16%2F35%2F26%2Fdaac3ed8-6c9d-4658-8a7a-e02abb3787bf%2Fpreimumlogo.png,Premium və etibarlı əsl ViP şəxslərin zövqünə uyğun avtomobillərin satış məkanı.,"(055) 623-57-19, (055) 664-90-01, (050) 656-95-36",36
Lənkəran Avtomobil Mərkəzi,/avtosalonlar/avtosalon-lenkaran-avtomobil-merkezi,https://turbo.azstatic.com/uploads/f352x352/2024%2F01%2F07%2F15%2F53%2F13%2Fc7b6c0c2-98c8-44c0-98b1-919f894fa9c9%2Flogogogog.png,"“Toyota”, “Mitsubishi”, “Mazda”, “Honda”, “Subaru” və “Ford” avtomobillərinin zəmanətli satışlarını təmsil edirik. Digər markalı avtomobillərində yeni və ikinci əl satışı var.","(050) 327-65-47, (050) 405-35-05, (055) 327-65-47",94
Olimp,/avtosalonlar/olimp,https://turbo.azstatic.com/uploads/f352x352/2019%2F12%2F04%2F12%2F32%2F06%2F8df36b94-0b12-4d67-956b-a317754bc608%2F2019-12-04%2012.32.47.jpg,Bizim məqsədimiz müştərilərimizə münasib qiymətə keyfiyyətli avtomobil təqdim etməkdir.,"(055) 911-90-30, (050) 310-42-06, (070) 310-42-06, (050) 240-28-30",17
Auto by ENZO,/avtosalonlar/auto-by-enzo,https://turbo.azstatic.com/uploads/f352x352/2025%2F06%2F30%2F15%2F41%2F40%2F8cce16eb-37ae-4307-bf64-4b98fdf05382%2F66008_-f1hpkebL9FYqnHCOa3oWQ.jpg,"""Auto by ENZO"" Changan avtomobillərinin satışı, servisi və ehtiyat hissələri üzrə fəaliyyət göstərir.","(055) 780-42-92, (070) 780-42-92, (050) 780-42-92",5
Start Avto,/avtosalonlar/avtosalon-start-avto,https://turbo.azstatic.com/uploads/f352x352/2025%2F05%2F14%2F12%2F18%2F29%2Fbda5bebf-c5ed-4968-bd71-771cc2141490%2F4513_SdFmiiX51JZHxZnCDO0xMg.jpg,"Avtosalon ""Start Avto"" – sərfəli barter, kredit və lizinq şərtləri. Sifarişlə Almaniya, Koreya və Amerikadan avtomobillərin gətirilməsi üzrə xidmətlər.","(055) 445-97-07, (055) 351-51-10, (012) 425-17-05",18
Auto Holding,/avtosalonlar/avtosalon-auto-holding,https://turbo.azstatic.com/uploads/f352x352/2023%2F05%2F01%2F09%2F45%2F22%2Fbb30451e-f269-4e31-bc03-7ed2d9fb7437%2Flogo.jpg,Hər növ avtomobillərin alqı-satqısı və barteri. Kredit mümkündür.,(077) 533-53-35,12
123 Avto,/avtosalonlar/avtosalon-123-avto,https://turbo.azstatic.com/uploads/f352x352/2024%2F10%2F30%2F10%2F37%2F21%2F1957a55c-806d-40be-a772-8046b3bfe52e%2F76402_Kt6M8xdUQ8mUvNPSzi54jw.jpg,"Novxanının ilk bağlı avtosalonu kimi təməlini qoymuş, geniş çeşid və peşakar personalı ilə xidmətinizdə olan avtosalon ""123 Avto"".","(050) 314-05-05, (055) 314-05-05, (070) 314-05-05",39
Brend Cars,/avtosalonlar/avtosalon-brendcars,https://turbo.azstatic.com/uploads/f352x352/2017%2F09%2F29%2F17%2F56%2F01%2F558%2Flogo.jpg,"""Brend Сars"" öz müştərilərinə yüksək keyfiyyətli avtomobilləri təklif edir!","(055) 302-24-24, (050) 492-66-99",21
Auto Store,/avtosalonlar/avtosalon-auto-store,https://turbo.azstatic.com/uploads/f352x352/2019%2F12%2F26%2F15%2F24%2F44%2F69bc032a-c222-460d-a3d4-770a17e6d065%2Fautostorelogo.png,"Avtosalon ""Auto Store"" hər müştərinin istəyinə və büdcəsinə uyğun olan avtomobili secməkdə köməklik göstərir. Yüksək peşakarlığı ilə seçilən kollektivimiz sizi salonumuzda görməyə hər zaman şaddır!","(050) 555-61-61, (055) 555-61-61, (070) 555-61-61, (077) 555-61-61",32
006 Cars,/avtosalonlar/avtosalon-006-cars,https://turbo.azstatic.com/uploads/f352x352/2024%2F03%2F07%2F09%2F50%2F16%2F4f6a4d65-6e25-48cb-8cd3-fa2ed8abb043%2F3.jpg,Avtomobillərin alqı-satqısı və barteri.,(055) 556-06-06,18
Auto Shop,/avtosalonlar/avtosalon-auto-shop,https://turbo.azstatic.com/uploads/f352x352/2022%2F05%2F10%2F09%2F46%2F20%2Fc4860cdc-c6d5-44f7-bc5a-331265dcfa0e%2Flogo2.png,"""Auto Shop"" avtosalonu münasib qiymətlərlə avtomobilləri sizə təklif edir. Səmimiyyət bizim əsas fərqimizdir!",(055) 521-21-94,62
Auto Gallery,/avtosalonlar/avtosalon-autogallery,https://turbo.azstatic.com/uploads/f352x352/2022%2F07%2F15%2F12%2F40%2F15%2F76545749-106e-4a9d-bb7e-a6ecc3acce83%2Fauto.png,Qalereyamızda dünya avtomobil markalarının şah əsərləri sərgilənir. Zövqlü və idealist insanlar üçün qalereyamızın qapıları daima açıqdır.,"(012) 341-90-00, (070) 700-00-47",10
Top Cars,/avtosalonlar/top-cars,https://turbo.azstatic.com/uploads/f352x352/2025%2F07%2F25%2F09%2F30%2F44%2F44db7547-b216-4b85-af0a-2d3cd52bd99e%2F92313_wLbwyJGJi75X1LikQGRJwg.jpg,"Keyfiyyət, Texnologiya və Sərfəlilik bir arada! Salonumuz müasir tələblərə cavab verən, innovativ və sərfəli Çin avtomobillərinin satışında ixtisaslaşmış peşəkar bir mərkəzdir. Burada sizə rəsmi şəkildə gömrükdən keçmiş, sənədləri tam, zəmanətli və texniki baxımdan yoxlanılmış avtomobillər təqdim olunur. Alış prosesi maksimum rahatlıqla – həm kredit, həm də köçürmə yolu ilə mümkündür. Peşəkar və müştəriyönümlü yanaşmamız sayəsində avtomobil seçimi sizə rahat və güvənli bir təcrübə təqdim edir. Çin avtomobilləri yüksək texnologiya, müasir təhlükəsizlik sistemləri, aşağı yanacaq sərfiyyatı və ekoloji üstünlükləri ilə seçilir. Onların Avropa səviyyəsində dizaynı və komfortu isə sərfəli qiymətlərlə ideal seçim etməyə imkan yaradır. Avtomobil seçərkən keyfiyyətə, etibarlılığa və sərfəliliyə üstünlük verirsinizsə, sizi salonumuza dəvət edirik.","(050) 274-48-43, (050) 847-14-08, (055) 690-42-82, (070) 830-13-56",8
İlkin Cars,/avtosalonlar/ilkin-cars,https://turbo.azstatic.com/uploads/f352x352/2025%2F10%2F13%2F16%2F46%2F10%2F423f02c7-2bfe-4b3a-853d-42a942a0c031%2F89649_IdiJWhN4F5E3SSESYyyqZg.jpg,"""İlkin Cars"" olaraq, müştərilərimizə yüksək keyfiyyətli, etibarlı və geniş çeşiddə avtomobillər təqdim etməyi qarşımıza məqsəd qoymuşuq. Salonumuzda dünya şöhrətli və etibarlılığı ilə seçilən avtomobil markaları yer alır. Müxtəlif ehtiyac və tələbləri nəzərə alaraq, həm lüks, həm də gündəlik istifadə üçün geniş seçim imkanı təklif edirik. Həm yeni, həm də işlənmiş avtomobillərin satışı həyata keçirilir. Bütün nəqliyyat vasitələri texniki cəhətdən tam yoxlanılıb və alıcıya təqdim edilməzdən əvvəl dəqiq qiymətləndirilmədən keçir. Biz “İlkin Cars” komandası olaraq, sizə yalnız avtomobil satmaq deyil, həm də uzunmüddətli və etibarlı tərəfdaşlıq qurmağı hədəfləyirik.",(077) 333-06-01,11
Trend Cars,/avtosalonlar/avtosalon-trend-cars,https://turbo.azstatic.com/uploads/f352x352/2023%2F04%2F02%2F11%2F08%2F10%2Fe9f93baf-3d6a-45a1-bc93-3e01a12e08b3%2Ftrendlogo.png,"""Trend Cars"" müştərilərə sərfəli şərtlərlə avtomobillərin alqı-satqısı və barteri üzrə xidmət göstərir. 36 ayadək lizinq mümkündür.","(070) 382-76-66, (055) 382-76-66, (051) 382-76-66",24
İdeal Cars 005,/avtosalonlar/avtosalon-ideal-cars-005,https://turbo.azstatic.com/uploads/f352x352/2023%2F08%2F31%2F16%2F50%2F55%2F67c73860-96af-47e8-94b3-d11e675e977a%2FI%CC%87deal%20Cars%20logo%20.png,"""İdeal Cars 005"" avtosalonu hər növ ideal avtomobillərin satış mərkəzidir.","(055) 849-28-88, (070) 895-28-88, (050) 550-28-88",13
HH Avto,/avtosalonlar/avtosalon-hh-avto,https://turbo.azstatic.com/uploads/f352x352/2021%2F10%2F19%2F12%2F37%2F33%2Fbfcd1626-bde3-43ca-872f-d50477083a3a%2Flogogo.png,Avtosalon HH Avto - Bizim avtosalonda arzuladığınız hər bir marka avtomobili əldə edə bilərsiniz.,"(099) 799-99-77, (050) 390-00-58",34
Group Motors,/avtosalonlar/avtosalon-group-motors,https://turbo.azstatic.com/uploads/f352x352/2024%2F10%2F02%2F17%2F18%2F01%2F996a0d65-de94-4a02-b7a7-70301acb19cc%2F11375_qXr7-N1ppBcS2a5TEaxWRQ.jpg,"Group Motors 18 illik avtomobil təcrübəsi ilə sizə Mazda, Mitsubishi, Subaru, Ford, Neta və Honda avtomobillərini bir məkanda - Baku Auto Mall-da təqdim edir.",(010) 234-64-22,6
Cars N1 Sumqayıt,/avtosalonlar/avtosalon-carsn1sumqayit,https://turbo.azstatic.com/uploads/f352x352/2024%2F07%2F27%2F13%2F10%2F59%2F46988f62-5e28-4dc4-8f84-0592f268340f%2FCARS%20N1.jpg,"Avtomobillərin alışı, satışı, barteri və sığortası ilə 10 ildir ki, məmnuniyyətlə Sizin xidmətinizdəyik.","(055) 203-15-19, (055) 310-76-78, (051) 735-39-39",28
065 Cars,/avtosalonlar/avtosalon-065-cars,https://turbo.azstatic.com/uploads/f352x352/2024%2F09%2F02%2F12%2F47%2F52%2F821fd71e-62f0-4db3-8a10-0c55bdce10aa%2F11375_qXr7-N1ppBcS2a5TEaxWRQ.jpg,Peşəkar məsləhətçilərimiz sizə ehtiyaclarınıza və büdcənizə uyğun ideal avtomobili seçməkdə kömək etməyə hazırdır.,"(070) 661-77-66, (051) 661-77-66",50
049 Cars,/avtosalonlar/avtosalon-049-cars,https://turbo.azstatic.com/uploads/f352x352/2025%2F10%2F16%2F10%2F38%2F11%2F4590b927-76ba-4b37-9711-c454ba7a579d%2F13017_XQnsOqZNTk7pAJTxuXLkPA.jpg,Avtomobillərin alqı-satqısı və barteri.,"(099) 800-49-49, (077) 800-00-49",13
Fex Auto,/avtosalonlar/avtosalon-fex-auto,https://turbo.azstatic.com/uploads/f352x352/2025%2F01%2F24%2F16%2F57%2F24%2Fa611350f-147c-4c7d-a669-f89a7b1cc204%2F3752_4NpV7XsFM7A9UVCf68RBhw.jpg,"Avtosalon ""Fex Auto"" sərfəli qiymətlərlə avtomobillərin nağd və ya lizinq vasitəsi ilə satışını həyata keçirir.","(051) 333-88-08, (055) 100-43-14",14
Fine Up Auto,/avtosalonlar/autosalon-fine-up-auto,https://turbo.azstatic.com/uploads/f352x352/2024%2F11%2F01%2F10%2F00%2F39%2F9b904366-04ea-48df-8314-3d74e1921ece%2F76402_Kt6M8xdUQ8mUvNPSzi54jw.jpg,"""Fine Up Auto"" Changan avtomobillərinin satışı, servisi və ehtiyat hissələri üzrə fəaliyyət göstərir.","(099) 885-10-42, (050) 632-93-39",4
A​uto City 057,/avtosalonlar/avtosalon-auto-city-057,https://turbo.azstatic.com/uploads/f352x352/2025%2F02%2F14%2F11%2F15%2F57%2F6ca6e942-8f92-43fa-87aa-089f562c8257%2F83603_NnVipO7k_8o2mR0vhpmgbA.jpg,"""A​uto City 057"" olaraq məqsədimiz müştərilərimizə hər zövqə uyğun yeni avtomobilər təqdim etmək və yüksək xidmət göstərməkdir.",(070) 977-57-57,81
"Avtosalon ""001""",/avtosalonlar/avtosalon-001,https://turbo.azstatic.com/uploads/f352x352/2023%2F08%2F31%2F16%2F38%2F31%2F87d32afe-cdf5-4bd8-819a-e164db8193be%2Flogogogo.png,"""001"" avtosalonu avtomobillərin alışı, satışı, barteri və lizinq xidmətlərini təklif edir.","(070) 302-41-11, (077) 340-37-37, (050) 302-41-11, (050) 340-37-37",17
King Star Auto,/avtosalonlar/avtosalon-king-star-auto,https://turbo.azstatic.com/uploads/f352x352/2025%2F08%2F27%2F15%2F47%2F18%2Fe1e344e2-7783-4807-8b47-c33d360a08e9%2F66008_-f1hpkebL9FYqnHCOa3oWQ.jpg,Avtomobillərin alqı-satqısı və barteri.,(055) 413-22-52,12
Auto City Xırdalan,/avtosalonlar/avtosalon-auto-city-xirdalan,https://turbo.azstatic.com/uploads/f352x352/2024%2F05%2F03%2F10%2F12%2F02%2Fc3907b9b-de89-4ec6-b2a3-5f1939b0b312%2Flogog.png,"Biz illərdir ki, bütün VAZ (Lada) avtomobil modelləri üzrə satış edirik. Bütün avtomobillərimiz tam yeni şəkildə, müştərilərə kredit və nağd satışla təqdim olunur.",(055) 213-52-55,13
BMW Cars,/avtosalonlar/avtosalon-bmwcars,https://turbo.azstatic.com/uploads/f352x352/2023%2F12%2F29%2F10%2F20%2F45%2F1a82df66-e49a-49c9-b080-0e13547ceeaf%2Floggo.jpg,"""BMW Cars"" avtosalonu yalnız ""BMW"" avtomobillərinin satışı ilə məşğuldur və öz alıcılarına yalnız ""BMW"" avtomobillərində əks olunan fəlsəfə ilə yanaşır.",(050) 210-10-95,11
101 Auto,/avtosalonlar/avtosalon-101-auto,https://turbo.azstatic.com/uploads/f352x352/2019%2F10%2F16%2F12%2F36%2F08%2F301f9a1e-bc89-415b-be42-ea4253599b20%2FLOGO.png,"Avtosalon ""101 Auto"" - sadəcə qüsursuz avtomobillər.",(077) 101-01-07,19
Qətər Auto,/avtosalonlar/avtosalon-qeter-auto,https://turbo.azstatic.com/uploads/f352x352/2023%2F11%2F17%2F15%2F24%2F58%2Fba1d78c6-4e3e-4a9e-b73b-2b78a667bf4b%2Flogogo.png,Bütün avtomobillərimizə heç bir yerdə görülməyən endirimlər başladı! Bu fürsəti qaçırmayın!,"(050) 720-30-40, (055) 720-30-40, (070) 720-30-40, (077) 720-30-40",25
Sun Cars,/avtosalonlar/avtosalon-sun-cars,https://turbo.azstatic.com/uploads/f352x352/2023%2F10%2F18%2F12%2F44%2F39%2F10e0cb6c-ade3-4dfc-b2d0-6baa21522bb3%2Flogo%20%281%29.png,"Sərfəli kredit və lizinq şərtləri, nağd və köçürmə yolu ilə ödəniş imkanı. Bütün qiymətlərə 18% ƏDV daxildir.","(050) 242-46-24, (050) 222-46-24, (010) 242-46-24",12
Auto House 2,/avtosalonlar/avtosalon-auto-house-2,https://turbo.azstatic.com/uploads/f352x352/2024%2F02%2F06%2F09%2F51%2F58%2F59e66c09-378d-4f7c-aafb-4f8dcb865010%2Flogogo%C2%A0%E2%80%94%20%D0%BA%D0%BE%D0%BF%D0%B8%D1%8F%202.png,"Lüks avtomobillərin satış mərkəzi. Barter, alış və təkrar satış mümkündür.",(050) 220-95-65,24
Auto Group,/avtosalonlar/avtosalon-auto-group,https://turbo.azstatic.com/uploads/f352x352/2025%2F01%2F07%2F16%2F35%2F36%2F1fea9168-0217-4cbf-a03c-aaf29df3bd72%2F67900_VsfyEqu9G0cxtdUTwCN1tQ.jpg,"Salonun ən üstün cəhətlərdən biri odur ki, rəsmiləşdirmə salon daxilində həyata keçirilir.","(055) 977-59-59, (055) 275-75-76",64
Lider,/avtosalonlar/avtosalon-lider,https://turbo.azstatic.com/uploads/f352x352/2021%2F05%2F21%2F14%2F14%2F08%2Fe7152a3d-e760-4219-a52c-d6c0bf78c5af%2Flider.png,"Premium klass avtomobillərin sifarişi, alışı, satışı və barteri","(055) 370-77-22, (055) 270-30-40",58
VVAN Gold Cars,/avtosalonlar/avtosalon-vvan-gold-cars,https://turbo.azstatic.com/uploads/f352x352/2025%2F01%2F16%2F17%2F18%2F50%2F9460b73c-a09e-4c47-8df1-8b21489182cf%2F3752_4NpV7XsFM7A9UVCf68RBhw.jpg,"""VVAN Gold Cars"" MMC (VÖEN: 1506982771) - Biz Azərbaycandan olan müştərilərə yüksək keyfiyyətli Çin elektrik avtomobilləri və ekoloji təmiz mobilliyin kütləvi yayılmasına, habelə texnoloji innovasiyalara töhfə verən tam xidmət spektri təqdim etməyə diqqət yetiririk. Yerli bazarda əhəmiyyətli oyunçu olaraq BYD, Changan, Toyota və digər aparıcı Çin elektrik avtomobil istehsalçıları ilə strateji tərəfdaşlıq qurmuşuq. Sərnişin avtomobilləri xəttimiz ağıllı idarəetmə sistemləri və artırılmış sürüş məsafəsi təqdim edən ən son elektrik modellərini əhatə edir. Kommersiya ehtiyacları üçün lokal yığdırılmış və texnologiyanın ötürülməsi imkanı olan elektrik pikaplar, yüngül yük maşınlar və ictimai nəqliyyat təklif edirik. Sifariş təsdiqlənib 30% depozit ödəndikdən sonra maşınlar 30–45 gün ərzində Bakıya çatdırılır. Satış sonrası xidmətlər çərçivəsində yeni açılmış lokal servis mərkəzində kompleks şəkildə peşəkar təmir və zəmanət xidməti göstərilir: beynəlxalq sığorta şirkətləriylə əməkdaşlıq sayəsində isə istifadəçiləri riskləri minimuma endirən tam sığorta paketləri ilə təmin edirik. Sosial məsuliyyət çərçivəsində və Azərbaycanın “yaşıl nəqliyyat” strategiyasını dəstəkləyərək COP29-un iqlim məqsədlərinə nail olunmasına töhfə verir, yeni enerji sahəsində yerli sənayenin inkişafını texnologiya transferi və kadr hazırlığı vasitəsilə gücləndiririk.","(055) 245-80-18, (051) 213-02-24, (055) 285-80-18",18
MM Cars,/avtosalonlar/avtosalon-mm-cars,https://turbo.azstatic.com/uploads/f352x352/2025%2F05%2F28%2F14%2F08%2F21%2F4bcb3d84-06da-424c-8aeb-fb21d22e94e0%2F92313_wLbwyJGJi75X1LikQGRJwg.jpg,"Avtosalonumuzda hər kəs özünə uyğun avtomobil tapa bilər. Yaxşı vəziyyətdə olan maşınlar, sərfəli qiymətlər, lizing imkanı və rahat seçim təqdim edirik.","(099) 982-02-02, (070) 621-01-81, (050) 381-00-20",15
155 Cars,/avtosalonlar/avtosalon-155-cars,https://turbo.azstatic.com/uploads/f352x352/2024%2F06%2F05%2F10%2F06%2F18%2F6fbb7469-9210-4d70-85a2-b2dbe067f4c1%2FBrend%20Avto%20%281%29.jpg,Avtomobillərin alqı-satqısı və barteri.,"(055) 715-20-68, (070) 330-15-50, (051) 726-92-35",22
Autohub,/avtosalonlar/avtosalon-autohub,https://turbo.azstatic.com/uploads/f352x352/2025%2F04%2F17%2F15%2F19%2F29%2Fbf7e52ed-710e-452a-acf4-8aea1689182a%2F27314_nl5hK4zSmPDP2ykAjfmWfg.jpg,Autohub avtomobillərin sərfəli qiymətlərlə nağd və ya lizinq şərti ilə satışı həyata keçirir,"(050) 806-66-63, (050) 806-66-64",7
Motoverse,/avtosalonlar/motosalon-motoverse,https://turbo.azstatic.com/uploads/f352x352/2022%2F12%2F28%2F15%2F21%2F53%2Fab259f79-182c-4abc-a23b-c19caac97602%2Flogo.jpg,"Azərbaycanın ən böyük moto şourumlarından biri olan Motoverse satış, servis mərkəzi və təlim mərkəzi olmaqla 3 fəaliyyət sahəsi üzrə fəaliyyət göstərir. Motoverse 10-dan artıq global brendin satışını həyata keçirir. Bu modellərə Aprilia, Vespa, Bajaj, Minsk, Kanuni, Kawasaki, Yamaha, Honda, KTM, Royal Enfield və bu kimi, dünya brendlərinə məxsus modellər aiddir. Bundan əlavə şourumda moto geyim və aksesuarlarının satışı mövcuddur. Multibrend servis mərkəzi isə moto və mopedlərdəki problemləri aradan qaldıran peşəkar usta heyətinə sahibdir. Həmçinin Motoverse-də təlim mərkəzi fəaliyyət göstərir. Burada siz təlim dərslərinə qoşularaq idarəetmə bacarıqlarına sahib ola bilərsiniz.",(055) 203-07-75,29
Neon Auto 085,/avtosalonlar/avtosalon-neon-auto-085,https://turbo.azstatic.com/uploads/f352x352/2025%2F01%2F22%2F17%2F12%2F17%2F26052cb3-199e-4d53-b292-770fecad563b%2F3752_4NpV7XsFM7A9UVCf68RBhw.jpg,"""Neon Auto 085"" avtosalonumuz gənc və fəal sahibkarlar tərəfindən idarə olunan, geniş seçim təklif edən, yalnız ideal vəziyyətdə və zəmanətli avtomobillərin satış nöqtəsidir.","(099) 385-03-85, (055) 202-08-85, (070) 205-08-85",17
021 Cars,/avtosalonlar/avtosalon-021-cars,https://turbo.azstatic.com/uploads/f352x352/2022%2F06%2F30%2F12%2F20%2F44%2F74297e6a-19c5-495c-bda5-a4f3a7a7c653%2Flogogo.png,Bizim avtosalonumuz öz alıcılarına ən cəlbedici qiymətlərlə müxtəlif siniflərin avtomobillərini təklif edir.,"(099) 891-00-21, (051) 305-00-21, (070) 791-00-21",69
Badamdar Satış Mərkəzi,/avtosalonlar/avtosalon-badamdar-satish-merkezi,https://turbo.azstatic.com/uploads/f352x352/2023%2F12%2F18%2F15%2F48%2F59%2F6d624e75-72da-45b3-9212-a228c915caa2%2Flogo%202.jpg,"Müxtəlif markaların, minik və ticari avtomobillərin satışını təmsil edirik! Müxtəlif şərtlərlə kredit və lizinq təklifi!","(012) 437-13-07, (050) 230-30-13, (050) 220-20-88, (055) 360-13-60",99
4x4 Gallery,/avtosalonlar/avtosalon-4x4gallery,https://turbo.azstatic.com/uploads/f352x352/2018%2F12%2F03%2F16%2F42%2F19%2F10860a65-2b3c-4903-86d1-50f604ed8fea%2Fgg.png,"""4x4 Gallery"" ilk avtosalonlardan olaraq, 30 ilə yaxın müddətdir ki, fəaliyyət göstərir.","(055) 210-83-30, (055) 210-62-03, (055) 898-70-00",15
Arena Motors,/avtosalonlar/avtosalon-arena-motors,https://turbo.azstatic.com/uploads/f352x352/2020%2F03%2F19%2F11%2F56%2F21%2Fd3fc4f00-105c-4bf6-9ea7-71b75f94cea6%2FLOGO.jpeg,"""Arena Motors"" keyfiyyətli və sərfəli avtomobillərin satışını təşkil edir. Məqsədimiz müştəri məmnuniyyətini qazanmaqdır.","(055) 316-06-91, (050) 316-06-91, (050) 310-05-23",19
AvtoSum,/avtosalonlar/avtosalon-avtosum,https://turbo.azstatic.com/uploads/f352x352/2019%2F03%2F04%2F09%2F43%2F30%2F774521aa-bc26-4e5a-8641-0af12d3e22b5%2FAVTOSUMLOGO.png,Xidmətimiz sayəsində istənilən müştərimiz bütün tələblərinə cavab verən avtomobili seçə biləcəkdir. Təqdim olunan avtomobillər tam yoxlanışdan keçib.,"(055) 799-45-85, (050) 692-91-91, (051) 692-91-91",42
IST Cars Baku,/avtosalonlar/istcarsbaku,https://turbo.azstatic.com/uploads/f352x352/2019%2F08%2F19%2F16%2F04%2F30%2Fec66607e-130b-4be0-bbe4-93cf588268fc%2FIST%20Baku%20.png,"""IST Cars Baku"" avtosalonu сavan və dinamik sahibkarlar tərəfindən idarə olunur. İşimizdə düzgünlük, halallıq və açıq rəqabət tərəfdarıyıq.","(050) 209-10-12, (055) 209-10-12, (070) 209-10-12",98
Classic Cars,/avtosalonlar/avtosalon-classic-cars,https://turbo.azstatic.com/uploads/f352x352/2023%2F09%2F28%2F14%2F04%2F34%2F3443e295-aeda-486f-b4b9-e58dd3f97188%2FClassiccarslogo.png,"Avtosalonumuzda klassik tərzdə zövqlə yığılan avtomobillər sizi gözləyir — onların yığılmasında yalnız orijinal ehtiyat hissələrindən istifadə olunub. Klassikanın ruhunu sevənlər üçün mükəmməl seçim! Bundan əlavə, geniş seçim imkanına malik ikinci əl avtomobillər də satışdadır. Ən yüksək keyfiyyətlə təqdim olunan avtomobillərin sahibi olun və unikal klassik abu-havanın dadını çıxarın!",(050) 805-05-52,12
China Favourite Cars,/avtosalonlar/avtosalon-china-favourite-cars,https://turbo.azstatic.com/uploads/f352x352/2024%2F08%2F28%2F17%2F07%2F22%2F0f91acd8-be1e-442f-9afa-a3d7dbcab8b7%2F26954_DWgEQQqRrb1W5yDQKFgsVA.jpg,"Elektrikli və hibrid avtomobillərin gələcəyini bizimlə kəşf edin! Ekoloji təmiz, qənaətli və güclü modellər sizi gözləyir. Gələcəyin sürüşü burada başlayır!","(070) 959-42-14, (050) 795-20-05, (099) 706-10-11, (010) 255-30-21",11
Badamdar Filialı,/avtosalonlar/avtosalon-badamdar-filiali,https://turbo.azstatic.com/uploads/f352x352/2024%2F01%2F19%2F13%2F34%2F14%2F0a56808f-3e69-4e09-ad92-08852bc93ecd%2F2.jpg,"""Badamdar Filialı"" tərəfindən avtomobillərə 10 il və ya 160.000 km zəmanət verilir. İkinci əl avtomobillərin alışı və satışı salonumuz tərəfindən təşkil olunur.","(050) 255-70-74, (055) 244-40-40, (055) 256-60-60",25
MM Auto Line,/avtosalonlar/avtosalon-auto-line,https://turbo.azstatic.com/uploads/f352x352/2025%2F07%2F21%2F12%2F32%2F16%2Fb723a272-faff-4102-8244-705f966f2936%2F4513_SdFmiiX51JZHxZnCDO0xMg.jpg,"""MM Auto Line"" uzun müddətdir ki Azərbaycan bazarında fəaliyyət göstərir. Bütün növ yeni və işlənmiş avtomobillərin satışı ilə müştərilərin xidmətindədir.","(050) 210-10-87, (055) 280-29-29",10
Neptun,/avtosalonlar/avtosalon-neptun,https://turbo.azstatic.com/uploads/f352x352/2025%2F03%2F13%2F13%2F13%2F48%2F1a02bfcf-a5f9-4d9b-bb2f-357d18a90366%2F710_n_84bQNwZvpGSEPPCvJ-ng.jpg,"Kosmik adımız olsa da, belə qiymətlərimiz hər zaman Yer kürəsi səviyyəsindədir. Qalan hər bir xidmət adımızla bağlıdır!","(077) 299-99-19, (077) 299-99-79",15
World Cars,/avtosalonlar/avtosalon-world-cars,https://turbo.azstatic.com/uploads/f352x352/2021%2F02%2F11%2F11%2F20%2F34%2Fbcda0d90-9042-4585-b312-2ddb6ce236dd%2Flogo.world.jpg,Dünyada seçilən yeni və işlənmiş avtomobil markaların satış mərkəzi.,"(050) 210-70-08, (050) 221-91-11",26
777 Cars Sumqayıt,/avtosalonlar/avtosalon-777cars,https://turbo.azstatic.com/uploads/f352x352/2017%2F10%2F07%2F10%2F12%2F02%2F683%2FIMG-20171006-WA0014.jpg,"""777 Cars Sumqayıt"" avtosalonu lider olaraq 15 ildən artıq fəaliyyət göstərir. Müştərilərimizin etimadını doğruldaraq halallıqla fəaliyyətimizi davam etdiririk.","(055) 370-78-78, (070) 370-78-78, (077) 370-78-78, (050) 370-78-78",30
Best Cars,/avtosalonlar/avtosalon-bestcars,https://turbo.azstatic.com/uploads/f352x352/2017%2F09%2F28%2F11%2F44%2F21%2F618%2Fbest%20car.jpg,Fəlsəfəmiz adımızda əks olunub.,"(055) 737-03-03, (055) 424-23-43, (055) 825-98-98",36
Otokoç Azerbaijan – İkinci əl,/avtosalonlar/avtosalon-otokoc-azerbaijan,https://turbo.azstatic.com/uploads/f352x352/2021%2F10%2F07%2F12%2F55%2F57%2F716b8b29-ad93-4943-b22c-cecab122ad89%2Fotokoc.png,"""Otokoç Azərbaycan"" MMC hüquqi və fiziki şəxslərə öz balansında olan, rəsmi servisdən alınmış və orijinal yürüşə malik avtomobillər təklif edir. Qiymətlərə ƏDV daxildir.",(055) 455-02-31,19
"Avtosalon ""900""",/avtosalonlar/avtosalon-900,https://turbo.azstatic.com/uploads/f352x352/2021%2F05%2F20%2F11%2F39%2F39%2F2e8ef1f8-a9b4-4c59-9a72-a45756542f0b%2Fphoto_2021-05-20%2011.39.30.jpeg,"Kredit və lizinq imkanı, sərfəli barter və yüksək qiymətə alış, satış və sifariş. Bunların hamısı tez və zəmanətli şəkildə!","(050) 204-17-17, (099) 474-77-77",21
TT 064 Cars,/avtosalonlar/avtosalon-tt-064-cars,https://turbo.azstatic.com/uploads/f352x352/2023%2F04%2F10%2F15%2F11%2F30%2Fb64272f2-f8f6-4e64-a344-8ed0678333e5%2FTT%20064%20CARS%20%281%29.jpg,"İstənilən növ avtomobillərin alışı, barteri, həmçinin cəlbedici şərtlərlə nağd, kredit və ya lizinq yolu ilə satışı.","(070) 608-64-64, (099) 608-64-64, (051) 327-64-64",27
SRJ Motors,/avtosalonlar/avtosalon-srj-motors,https://turbo.azstatic.com/uploads/f352x352/2024%2F06%2F24%2F16%2F04%2F22%2Fceea4ba9-f71c-4662-ae66-effba4002fc9%2Flogo%20%281%29.jpg,Çin brendlərinin hibrid və elektrik avtomobillərinin satış mərkəzi.,(055) 212-30-80,7
Car Era,/avtosalonlar/avtosalon-car-era,https://turbo.azstatic.com/uploads/f352x352/2024%2F11%2F25%2F11%2F59%2F20%2F27bdca31-fc12-492e-a6bf-54371071f79e%2F15247_eRuz4Do5pS0g3SY6jF6RZg.jpg,Biz avtomobillərin alqı-satqısı və barteri üzrə peşəkar xidmət göstəririk. Sərfəli kredit və barter şərtləri ilə tanış olmaq üçün sizi avtosalonumuza dəvət edirik.,"(055) 419-58-88, (050) 459-58-88, (012) 552-03-03",8
Hollywood Cars,/avtosalonlar/avtosalon-hollywood-cars,https://turbo.azstatic.com/uploads/f352x352/2023%2F01%2F10%2F17%2F33%2F42%2F45a3519c-da92-4866-a3be-0f3eb81d406d%2Fholygold.png,"Bütün növ yeni və işlənmiş avtomobillərin alışı, satışı, barteri, həmçinin kredit və lizinq imkanlarımız ilə müştərilərimizin xidmətindəyik.","(055) 835-04-04, (050) 835-04-04, (055) 836-04-04, (055) 211-18-40",66
500 Cars,/avtosalonlar/avtosalon-500,https://turbo.azstatic.com/uploads/f352x352/2021%2F05%2F20%2F12%2F53%2F54%2F8e736e04-6710-4a30-8905-26fc485c7c6c%2FPhoto_1621500790383.jpg,"Avtosalon ""500 Cars"" yalnız qüsursuz avtomobillərin satışı ilə məşğuldur. Müştərimiz bizim dostumuz olmasa, deməli xidmətimizdə qüsurumuz var.",(070) 231-11-00,34
"Avtosalon ""707""",/avtosalonlar/avtosalon-707,https://turbo.azstatic.com/uploads/f352x352/2021%2F05%2F20%2F17%2F35%2F41%2Faf35265b-b3f9-499e-8d9d-8c249c97f632%2FPhoto_1621517412751.png,Avtosalonumuz uzun müddətdir fəaliyyətdədir. Burada Siz ikitərəfli sərfəli şərtlərlə avtomobillərin alqı-satqısını həyata keçirə bilərsiniz!,"(070) 855-21-28, (050) 555-92-91, (050) 614-82-80, (055) 614-82-80",21
NEO Motors,/avtosalonlar/avtosalon-neo-motors,https://turbo.azstatic.com/uploads/f352x352/2023%2F12%2F22%2F11%2F30%2F12%2Feed53fda-6773-4fc4-b6ff-52d9eb2afb87%2Fneologo.jpg,"NEO Motors – Premium Çin avtomobillərinin çatdırılması və satışı. 5 ilə qədər zəmanət əldə etmək mümkündür. Servis və ehtiyat hissələri mövcuddur. Sim-kart quraşdırılması, proqramlar və dil yazılması mümkündür.","(050) 687-77-77, (070) 737-30-77, (050) 687-77-72",9
FF Avto,/avtosalonlar/avtosalon-ff,https://turbo.azstatic.com/uploads/f352x352/2024%2F01%2F20%2F12%2F08%2F26%2Fd70a379c-2e83-4303-ad6a-761c2f359ffa%2Fbadamdar%20filial%3B.jpg,"Avtosalon ""FF Avto"" minimal ilkin ödənişlə, 3 aydan 36 ayadək sərfəli kredit şərtləri ilə avtomobilləri təqdim edir.","(055) 399-54-53, (055) 388-54-53",31
"Avtosalon ""357""",/avtosalonlar/avtosalon-357,https://turbo.azstatic.com/uploads/f352x352/2021%2F05%2F20%2F15%2F27%2F02%2F395a6a6e-8dd2-4a15-be91-424d5f0b6742%2Fphoto_2021-05-20%2015.26.55.jpeg,"Hörmətli və dəyərli alıcılar, avtomobil seçimini peşəkarlara etibar edin! Yüzdən artıq müştərimiz ""357""-dən razıdır. Seçiminizi indi edin!",(050) 214-13-06,16
RZ Cars,/avtosalonlar/avtosalon-rz-cars,https://turbo.azstatic.com/uploads/f352x352/2024%2F10%2F08%2F09%2F51%2F37%2Fae40f808-61f8-4909-8efe-d6208ffcbf37%2F11375_qXr7-N1ppBcS2a5TEaxWRQ.jpg,"Hər bir müştəriyə avtomobil alışı, satışı və ya dəyişdirilməsi üçün rahat şərait təqdim etməyə çalışırıq. Təkliflərimizin etibarlılığını və əlçatanlığını qiymətləndirərək, özünüzə uyğun olan avtomobili tapın!",(055) 777-00-25,6
"Avtosalon ""444""",/avtosalonlar/avtosalon-444,https://turbo.azstatic.com/uploads/f352x352/2021%2F03%2F09%2F14%2F17%2F38%2F1113055e-ba85-4f99-8911-bb5818814b98%2FLOGO1.png,Avtosalonumuz 20 ildir fəaliyyət göstərir. Bizim avtosalonumuzda keyfiyyətli avtomobil almaqla yanaşı çox sərfəli qiymətlərlə öz avtomobilinizi sata və dəyişdirə bilərsiniz.,"(050) 322-02-15, (055) 322-02-15",14
China Auto Lənkaran,/avtosalonlar/china-auto-lankaran,https://turbo.azstatic.com/uploads/f352x352/2025%2F10%2F22%2F10%2F43%2F01%2F30ac4ad4-1b86-435d-a9cf-f3eb06f97f22%2F89649_IdiJWhN4F5E3SSESYyyqZg.jpg,"""China Auto Lənkaran"" yeni Çin avtomobilləri nağd, köçürmə, kredit və lizinq yolu ilə zəmanətlə satışını həyata keçirir.","(050) 405-35-05, (050) 868-38-67, (050) 262-92-91",11
AzCar Motors,/avtosalonlar/avtosalon-az-car-motors,https://turbo.azstatic.com/uploads/f352x352/2025%2F03%2F03%2F10%2F52%2F51%2Fdf43b7c9-6a8e-4591-9090-f659e0940fdf%2F710_n_84bQNwZvpGSEPPCvJ-ng.jpg,Zərif şəhər avtomobillərindən tutmuş güclü idman avtomobillərinə qədər kolleksiyamız müxtəlifliyi və keyfiyyəti özündə cəmləşdirir.,"(050) 555-00-15, (099) 900-00-15",45
Lüks Avto,/avtosalonlar/avtosalon-luks-avto,https://turbo.azstatic.com/uploads/f352x352/2020%2F03%2F19%2F14%2F07%2F16%2F57f24f6a-73ea-4287-9b66-421ee0a4715d%2Flogolusk.png,"""Lüks Avto"" – sərfəli kredit, lizinq, barter ve ekskluziv sifariş xidmətlərində etibarlı tərəfdaşınızdır!","(050) 314-44-20, (055) 314-44-20, (055) 308-37-27, (055) 308-37-27",21
Gold Cars 777,/avtosalonlar/avtosalon-gold-cars-777,https://turbo.azstatic.com/uploads/f352x352/2025%2F06%2F24%2F13%2F35%2F57%2Fb65a8878-3cbd-45e2-b979-a8238dc1a047%2F4513_SdFmiiX51JZHxZnCDO0xMg.jpg,"""Gold Cars 777"" avtosalonu sərfəli şərtlərlə avtomobillərin daxili kreditləşməsi, alışı, satışı və barteri xidmətlərini təklif edir.","(051) 583-83-30, (070) 680-83-30",83
BYD Motors Baku,/avtosalonlar/avtosalon-byd-motors-baku,https://turbo.azstatic.com/uploads/f352x352/2024%2F04%2F10%2F14%2F23%2F15%2Ff41b56f1-770d-4daa-ba1a-eabd9bad175c%2Fbydlogo.jpg,"""BYD Motors Baku"" Avtomobil Mərkəzi ""BYD"" avtomobillərinin Azərbaycana idxalı və servisi üzrə müştərilərə xidmət göstərir.","(012) 526-33-66, *3366, (051) 233-40-04, (010) 234-70-13",32
Electric Auto,/avtosalonlar/avtosalon-electric-auto,https://turbo.azstatic.com/uploads/f352x352/2023%2F06%2F27%2F13%2F48%2F56%2F85aed028-a59e-4d81-ad6b-5dd19fef00fa%2Flogo.jpg,Elektrik və Hibrid avtomobillərin satışı. Sifariş əsasında avtomobillərin 20 gün ərzində çatdırılması.,"(077) 470-40-40, (077) 480-40-40",26
Ağa Avto,/avtosalonlar/avtosalon-aga-avto,https://turbo.azstatic.com/uploads/f352x352/2023%2F02%2F08%2F17%2F14%2F02%2F84e1029d-b857-4f37-823c-6c8555952be0%2Flogogo.png,"Yeni fəaliyyətə başlamış ""Ağa Avto"" avtosalonumuz xidmətinizdədir. Məqsədimiz müştərilərə sərfəli və keyfiyyətli avtomobillər təklif etməkdir.","(077) 304-88-38, (055) 304-88-38",35
AA Cars,/avtosalonlar/avtosalon-aa-cars,https://turbo.azstatic.com/uploads/f352x352/2025%2F06%2F23%2F17%2F24%2F03%2F4627375b-f6cb-43ec-90f5-70de58093ef0%2F66008_-f1hpkebL9FYqnHCOa3oWQ.jpg,"Uzun illər fəaliyyət göstərən ""AA Cars"" avtosalonu istənilən zövqə uyğun avtomobillərin alqı-satqısı və barter xidmətləri göstərir.","(055) 308-00-07, (055) 369-44-55",38
Berlin Cars,/avtosalonlar/avtosalon-berlin-cars,https://turbo.azstatic.com/uploads/f352x352/2021%2F01%2F05%2F16%2F09%2F05%2F91d4f830-b573-432d-8994-da58991e7a46%2Flogog.png,"""Berlin Cars"" - avtomobillərin sərfəli şərtlərlə alqısı, satqısı, barteri, sifarişi, kreditlə və lizinq yolu ilə satışı xidmətlərini göstəririk.","(050) 600-77-11, (055) 600-77-11",29
Avto Cars 017,/avtosalonlar/avtosalon-avto-cars-017,https://turbo.azstatic.com/uploads/f352x352/2021%2F10%2F28%2F12%2F04%2F12%2F775610b2-48d3-43aa-b6d8-5499b59e1eb1%2F017.jpeg,"36 aya-dək AZN-lə sərfəli kredit. Geniş avtomobil çeşidi, keyfiyyətə zəmanət və rahat rəsmiləşdirmə.","(055) 509-99-77, (050) 509-99-77, (070) 509-99-77",77
SS Cars,/avtosalonlar/avtosalon-ss-cars,https://turbo.azstatic.com/uploads/f352x352/2021%2F10%2F07%2F12%2F59%2F01%2Fa0f3be1e-ae39-4af4-9a34-d82ec3f5eeb3%2Fsscars.png,"Hər növ avtomobillərin alqısı, satqısı, barteri, sifarişi, kredit və lizinq şərtlərini təklif edirik.","(050) 716-77-00, (055) 716-77-00",10
Baku Gallery,/avtosalonlar/avtosalon-baku-gallery,https://turbo.azstatic.com/uploads/f352x352/2022%2F08%2F09%2F11%2F09%2F55%2F91d47861-1d6d-4e23-a43e-9cefe1aea7c9%2Flogo%20%281%29.png,"Sərfəli şərtlərlə avtomobillərin alqı-satqısı, barter və lizinqi. Sizi avtosalonumuzda görməyə həmişə şad olacağıq.","(055) 212-27-27, (055) 261-04-88, (050) 261-04-88, (070) 261-04-88",15
101 Cars,/avtosalonlar/avtosalon-101-cars,https://turbo.azstatic.com/uploads/f352x352/2023%2F10%2F30%2F12%2F47%2F03%2F28e7961c-c731-4b14-99de-740df7c4cc50%2Flogooo.png,"""101 Cars"" avtosalonu müştərilərə yüksək keyfiyyətli xidmətlə daim seçilir. Bütün avtomobillər yalnız tam yoxlamadan keçdikdən sonra avtosalonumuzda satışa çıxarılır.",(055) 824-79-79,72
Motoclinic,/avtosalonlar/motosalon-motoclinic,https://turbo.azstatic.com/uploads/f352x352/2023%2F08%2F14%2F17%2F15%2F39%2F93b681a1-5082-425f-b209-dba6fcc873be%2FWhatsApp%20S%CC%A7%C9%99kil%202023-08-07%20saat%2015.15.48.jpg,"Motosikletlərin alışı, satışı, ehtiyat hissələri, təmir və tüninq xidmətləri. 30% ilkin ödəniş ilə 6, 12, 18 və 24 aylıq daxili kredit, tam sənədləşdirmə və nömrə hədiyyə.",(077) 398-00-33,8
S+ Cars,/avtosalonlar/splyuscars,https://turbo.azstatic.com/uploads/f352x352/2022%2F07%2F26%2F16%2F08%2F18%2F1ca6216a-c5f9-4642-b277-758c80098fb1%2Fscars.png,"""S+ Cars"" avtosalonu - 1994-ci ildən etibarən Azərbaycan və Dubayda avtomobil biznesində alıcıların etibarını qazanmaqdadır.",(050) 775-71-76,27
Avtoland,/avtosalonlar/avtosalon-avtoland,https://turbo.azstatic.com/uploads/f352x352/2017%2F09%2F26%2F16%2F34%2F24%2F197%2Flogo.png,"""Avtoland"" avtosalonu uzun müddətdir ki, fəaliyyət göstərir. ""Yüksək xidmət və keyfiyyət ən başlıca amalımızdır"" şüarıyla öz yolunu uğurla davam etdirir.","(055) 211-79-99, (050) 387-55-55",14
